{"assets/bike1.jpeg":["assets/bike1.jpeg"],"assets/bike2.jpeg":["assets/bike2.jpeg"],"assets/car1.jpeg":["assets/car1.jpeg"],"assets/car2.jpg":["assets/car2.jpg"],"assets/default.jpg":["assets/default.jpg"],"assets/login.jpg":["assets/login.jpg"],"packages/cupertino_icons/assets/CupertinoIcons.ttf":["packages/cupertino_icons/assets/CupertinoIcons.ttf"],"packages/fluttertoast/assets/toastify.css":["packages/fluttertoast/assets/toastify.css"],"packages/fluttertoast/assets/toastify.js":["packages/fluttertoast/assets/toastify.js"]}